x
Casper, WY
Sheridan, WY
Cody, WY
Union, SC
Alpena, MI
Detroit, MI
Flint, MI
South Lyon--Hamburg--Genoa, MI
Ann Arbor, MI
Richmond, MI
Frankenmuth, MI
Port Huron, MI
Columbia City, IN
Fort Madison, IA--IL
Hays, KS
Monroe, MI
Russell, KS
Richmond, IN--OH
Yazoo City, MS
Salem, IN
Carrollton, KY
New Albany, MS
Fort Polk South, LA
Houlton, ME
Bardstown, KY
Presque Isle, ME
Versailles, KY
Peoria, IL
Hailey, ID
South Hill, VA
Cape Girardeau, MO--IL
Lewisburg, TN
Humboldt, IA
Jayuya, PR
Ketchum, ID
McMinnville, TN
Clear Lake, IA
Columbia, TN
Crisfield, MD
Rockford, IL
Greenville, NC
Farmville, NC
Lake Charles, LA
Beloit, WI--IL
Easton, MD
Asheboro, NC
Centerville, IA
Clinton--Fulton, IA--IL
Henderson, NC
Hutchinson, KS
Hagerstown, MD--WV--PA--VA
Concord, NC
Salina, KS
Martinsville, VA
Sumter, SC
Franklin, VA
Greenfield, MA
Virginia Beach--Norfolk, VA
Smithfield, VA
Austin, MN
Athol, MA
West Bend, WI
Marble Falls, TX
Anaconda-Deer Lodge County, MT
Jackson, WY
Burnet, TX
Ephrata, WA
Albany, OR
Harrisburg, PA
Zanesville, OH
Mecca, CA
Riverside--San Bernardino, CA
Miami, OK
Pendleton, OR
Newberg, OR
Marshfield, WI
Wausau, WI
Tomah, WI
Greenville, OH
Rhinelander, WI
Baraboo, WI
Canton, NY
Ogdensburg, NY
Buena Vista, CO
Mountain Home, AR
Hobbs, NM
Calistoga, CA
Denver--Aurora, CO
St. Helena, CA
Columbia Falls, MT
Kalispell, MT
Napa, CA
Perryville, MO
Anadarko, OK
Sedalia, MO
Midland, TX
Lawton, OK
Boulder, CO
Warwick, NY
Clinton, MO
Altus, OK
Arvin, CA
Delano, CA
Rosamond, CA
Camarillo, CA
Santa Clarita, CA
Live Oak (Sutter County), CA
Montgomery, AL
Maquoketa, IA
Reedsburg, WI
Lander, WY
Riverton, WY
Thief River Falls, MN
Walterboro, SC
Hibbing, MN
Duluth, MN--WI
Jamestown, ND
Butler, PA
Chisholm, MN
Waverly, OH
Belle Plaine, MN
De Queen, AR
Dickson, TN
Wellington, OH
Jordan, MN
Circleville, OH
Lebanon, PA
Millersburg, PA
Meadville, PA
Erie, PA
Pecos, TX
Cañon City, CO
Snyder, TX
Fredericktown, MO
Sweetwater, TX
Woodland Park, CO
Polson, MT
Burkburnett, TX
Auburn, NY
Corvallis, OR
Bay City, MI
Petoskey, MI
Lapeer, MI
Milan, MI
Hartford City, IN
Owosso, MI
North Manchester, IN
Toledo, OH--MI
Lansing, MI
Wabash, IN
Muscatine, IA
Marion, IN
Davenport, IA--IL
Clinton, IN
Dumas, TX
Clintonville, WI
New London, WI
Newton, IA
DeWitt, IA
San Antonio, TX
Wamego, KS
Salisbury, MD--DE
Lewiston, ME
Fort Scott, KS
Dallas--Fort Worth--Arlington, TX
Gainesville, TX
Dayton, TN
Mattoon, IL
Killeen, TX
Springfield, MA--CT
Quincy, WA
Lockhart, TX
Rutland, VT
Butte-Silver Bow, MT
Luling, TX
San Marcos, TX
St. Helens, OR
Luverne, MN
Big Stone Gap, VA
East Liverpool, OH--WV--PA
Bend, OR
Redmond, OR
St. Albans, VT
Walla Walla, WA--OR
Lake City, MN
St. Marys, PA
Springfield, MO
South Bend, IN--MI
Grants Pass, OR
Auburn, IN
Mount Pleasant, IA
Scottsboro, AL
Indianapolis, IN
Greencastle, IN
Tipton, IN
Kokomo, IN
Peru, IN
Burlington, IA--IL
Shenandoah, IA
Jonesboro, LA
Winnsboro, LA
St. Joseph, MO--KS
Bastrop, LA
Ferriday, LA
Jeanerette, LA
Lafayette, LA
Monroe, LA
Perryton, TX
Trinidad, CO
Kermit, TX
Farmington, MO
Raymondville, TX
Shafter, CA
Tehachapi--Golden Hills, CA
Wasco, CA
Mission Viejo--Lake Forest--Laguna Niguel, CA
Nogales, AZ
Freeport, IL
Blacksburg--Christiansburg, VA
Simi Valley, CA
Goodland, KS
Lamar, CO
Moscow, ID
Aspen, CO
Carrollton, GA
Susanville, CA
Fairfield, IA
Poinciana, FL
Weatherford, TX
Chester, IL
Pella, IA
Edinboro, PA
Canton, OH
Titusville, PA
Fabens, TX
Bowie, TX
Tremonton, UT
Springfield, OH
Brownwood, TX
Price, UT
Roosevelt, UT
Iowa Park, TX
Fillmore, CA
Detroit Lakes, MN
Lawrenceville, IL
Santa Paula, CA
Robinson, IL
Payson, AZ
Harvard, IL
Flagstaff, AZ
Madera, CA
Savannah, GA
Cedar Rapids, IA
Fort Stockton, TX
Knoxville, IA
Eaton, OH
Ottawa, OH
Red Oak, IA
South Boston, VA
Springfield, IL
Grantsville, UT
Richfield, UT
Mexia, TX
Seminole, TX
Tooele, UT
Bastrop, TX
Vernal, UT
Eagle Pass, TX
Temple, TX
Provo--Orem, UT
Heber, UT
Port Angeles, WA
Sequim, WA
Port Hadlock-Irondale, WA
Port Townsend, WA
Hood River, OR--WA
Omak, WA
Iowa City, IA
Morehead City--Emerald Isle--Atlantic Beach, NC
Geneseo, IL
Lebanon, TN
Nashville-Davidson, TN
Sullivan, IL
Spirit Lake, IA
Charleston, IL
Harriman--Kingston--Rockwood, TN
Madisonville, KY
Eaton Rapids, MI
Charles City, IA
Murfreesboro, TN
Charlotte, MI
Leominster--Fitchburg, MA
Pullman, WA
Owatonna, MN
Benton Harbor--Lincoln--St. Joseph, MI
Corry, PA
Worcester, MA--CT
Concordia, KS
Libby, MT
Beardstown, IL
Medford, OR
Chambersburg, PA
Garden City, KS
Cumberland, MD--WV--PA
Rome, GA
Ocala, FL
Breese, IL
Marion Oaks, FL
Tallulah, LA
New Roads, LA
Beatrice, NE
Opelousas, LA
Mandeville--Covington, LA
Albertville, AL
Jasper, AL
Monroeville, AL
Jackson, MS
Birmingham, AL
Chicago, IL--IN
Appleton, WI
Mount Vernon, IL
Knoxville, TN
Amarillo, TX
Oskaloosa, IA
Dubuque, IA--IL
Tuscola, IL
Newton, KS
Carroll, IA
Lumberton, NC
Alma--St. Louis, MI
Barbourville, KY
Clinton, NC
Emporia, KS
Denton--Lewisville, TX
Coffeyville, KS--OK
Houghton--Hancock, MI
Independence, KS
Hereford, TX
Chanute, KS
Williamston, MI
Wichita, KS
Ionia, MI
Jackson, MI
Yoakum, TX
Battle Creek, MI
Cheney, WA
Centralia, WA
Yelm, WA
Vernon, TX
Leadville, CO
St. Ignace, MI
Bandon, OR
Coquille, OR
La Junta, CO
Page, AZ
Tuba City, AZ
Globe, AZ
Brush, CO
Canyon, TX
Delphos, OH
Belle Glade, FL
Cordele, GA
Le Mars, IA
Mansfield, OH
Willard, OH
Grinnell, IA
Lynden, WA
Wapato, WA
Bellingham, WA
Birch Bay, WA
Toppenish, WA
Yakima, WA
Green Bay, WI
Laurel, MS
Purcellville, VA
Bennington, VT
Kinross, MI
Coos Bay, OR
Abilene, TX
Breckenridge, CO
Roxborough Park, CO
Brookings, OR
Silverthorne--Keystone, CO
Roseburg, OR
Sutherlin, OR
Brownsville, TX
Marengo, IL
Needles, CA--AZ
Safford, AZ
Parker, AZ--CA
Quartzsite, AZ
Buckeye, AZ
Phoenix--Mesa--Scottsdale, AZ
Bullhead City, AZ--NV
Chino Valley, AZ
San Luis, AZ
Coolidge, AZ
Glenwood, IA
Zephyrhills, FL
Eastman, GA
Chillicothe, OH
Anna, IL
Clyde, OH
Fremont, OH
Orange City, IA
Winter Haven, FL
Bowling Green, KY
Des Moines, IA
Wenatchee, WA
Manitowoc, WI
Robstown, TX
St. Johnsbury, VT
Oak Harbor, WA
Union Grove, WI
Glendive, MT
Sidney, MT
Lewistown, MT
Sandpoint, ID
Spokane, WA
Baker City, OR
Laramie, WY
Woodland, WA
Rawlins, WY
Powell, WY
Seguin, TX
Lampasas, TX
Port Lavaca, TX
Elgin, TX
Taylor, TX
Coleman, TX
Kerrville, TX
Brady, TX
Port Isabel--South Padre Island--Laguna Vista, TX
Terrell, TX
Mount Pleasant, TX
Lindale--Hideaway, TX
Commerce, TX
Huntsville, TX
Lake Conroe Eastshore, TX
Dayton, TX
Livingston, TX
Cameron, TX
Manor, TX
Elsa, TX
Breaux Bridge, LA
Mechanicville, NY
Rising Sun, MD
Lake Mohawk, NJ
Oxford, PA
Mountain Top, PA
Kiryas Joel, NY
Ipswich, MA
West Milford, NJ--NY
Gettysburg--Cumberland, PA
Stevensville--Chester--Romancoke, MD
Emporia, VA
Richmond, VA
Crozet, VA
Lake Monticello, VA
Altavista, VA
Bedford, VA
Clifton Forge, VA
Orange, VA
Broadway--Timberville, VA
Elkins, WV
Scottsville, KY
Sullivan, IN
Glasgow, KY
Princeton, IN
Sparta, TN
Shelbyville, TN
Hopkinsville, KY
Paducah, KY--IL
Lafayette, TN
Carmi, IL
Russellville, KY
Beaver Dam, KY
Paris, IL
Princeton, KY
Paris, TN
Frankfort, IN
Rochester, IN
Boonville, IN
Bellows Falls, VT--NH
Alliance, NE
Carbondale, IL
Cedartown, GA
Chesapeake Beach, MD
Rigby, ID
Martinsville, IN
Rockmart, GA
Berea, KY
Huntingdon, PA
Gainesville, FL
Decatur, AL
Demopolis, AL
Crossett, AR
Indianola, MS
Defiance, OH
Jacksonville, NC
Starke, FL
Wauseon, OH
Cleveland, TN
Sweetwater, TN
Starkville, MS
Aguadilla--Isabela--San Sebastián, PR
Juana Díaz, PR
Fajardo, PR
Mayagüez, PR
Adjuntas, PR
San Juan, PR
Alva, OK
Plymouth, IN
Clarksville, TN--KY
Bennettsville, SC
Michigan City--La Porte, IN--MI
Lincoln, IL
Lafayette, IN
Cheraw, SC
Nappanee, IN
Eudora, KS
Belding, MI
Cuero, TX
Kalamazoo, MI
Chadron, NE
Burley, ID
Punxsutawney, PA
Blairsville, PA
Guayama, PR
Lebanon, OR
Sweet Home, OR
DuBois, PA
Shelbyville, IN
Yauco, PR
Philadelphia, MS
Diamondhead, MS
Gulfport--Biloxi, MS
Athens, AL
Pell City, AL
Memphis, TN--MS--AR
Blytheville, AR
Tallahassee, FL
Tampa--St. Petersburg, FL
Osceola, AR
Crystal River, FL
Quincy, FL
Marianna, FL
Palatka, FL
Bainbridge, GA
Ashburn, GA
Camilla, GA
Syracuse, IN
Lake Geneva, WI
Burlington, VT
Portage, WI
Whitewater, WI
East Troy, WI
Kaufman, TX
Forney, TX
Harlingen, TX
Boerne, TX
Big Spring, TX
Harrison, AR
Oklahoma City, OK
Gun Barrel City, TX
Utica, NY
Oneida, NY
Branson, MO
Forsyth, MO
Fayetteville--Springdale--Rogers, AR--MO
Franklin, NC
Saranac Lake, NY
Longview, TX
Show Low, AZ
Tucson, AZ
Casa Grande, AZ
Somerton, AZ
Running Springs, CA
Twentynine Palms, CA
Yuma, AZ--CA
Holtville, CA
Fort Irwin, CA
Sioux Center, IA
Fort Meade, FL
Lakeland, FL
Wauchula, FL
Sidney, OH
Eaton, CO
Longmont, CO
Brownfield, TX
Greeley, CO
Rincon, GA
Sterling, IL
Durango, CO
Gainesville, GA
Fallon, NV
Rocky Mount, VA
Monroe, WI
Covington, VA
Sturgeon Bay, WI
Albuquerque, NM
Canton, IL
Olean, NY
Salamanca, NY
Jamestown, NY
Marshalltown, IA
Santa Isabel, PR
Whiteville, NC
Arkansas City, KS
El Reno, OK
Marshall, TX
Ilion--Herkimer, NY
Cobleskill, NY
Little Falls, NY
Norman, OK
Purcell, OK
East Stroudsburg--Stroudsburg, PA
Blackwell, OK
Ponca City, OK
Gilmer, TX
Binghamton, NY
Fairfield, IL
Logansport, IN
Smithville, TN
Rockland, ME
Skowhegan, ME
Sanford, ME
Berlin, NH
Barre--Montpelier, VT
Massena, NY
Lake Placid, NY
South Paris, ME
North Windham, ME
Forrest City, AR
Wynne, AR
Kosciusko, MS
Grenada, MS
Dumas, AR
Trumann, AR
Batesville, MS
Holly Springs, MS
Greenville, IL
Pana, IL
Highland, IL
Brownsville, TN
Durham, NC
Siler City, NC
Dunn, NC
Rockingham, NC
Madisonville, TN
Ellijay, GA
Williamsburg, KY
La Follette, TN
Wadesboro, NC
Smithfield, NC
High Point, NC
Albemarle, NC
Pembroke, NC
Abbeville, SC
Newport, TN
Greeneville, TN
Rogersville, TN
Hartsville, SC
Georgetown, SC
Grissom AFB, IN
Alexandria, IN
Central City, KY
Greenville, KY
Fitzgerald, GA
Nashville, GA
Douglas, GA
Waycross, GA
Thomasville, GA
Sylvester, GA
Waynesboro, GA
Tybee Island, GA
Hazlehurst, GA
Sandersville, GA
Bluffton West, SC
Slidell, LA
Columbia, MS
Crestview, FL
DeFuniak Springs, FL
Opp, AL
Shelbyville, IL
Centralia, IL
Covington, TN
Benton, IL
Poplar Bluff, MO
De Soto, MO
Keyser, WV--MD
Atlanta, TX
Burlington, NC
Kendallville, IN
Concord--Walnut Creek, CA
Manchester, TN
Ottawa, KS
San Francisco--Oakland, CA
Houston, TX
Owensboro, KY
Jackson, CA
Shreveport, LA
Champaign, IL
Mahomet, IL
Benton, LA
Irvine, KY
Montevideo, MN
Topeka, KS
Carrizo Springs, TX
Benton, KY
Grand Rapids, MI
Mount Sterling, KY
Salt Lake City, UT
Willmar, MN
Lowell, MI
Maysville, KY--OH
La Crosse, WI--MN
Big Rapids, MI
Ephraim, UT
Forest Lake, MN
Muskegon--Norton Shores, MI
Lindstrom--Chisago City, MN
Greenville, MI
Whitehall, MI
Brookville, PA
New Freedom--Shrewsbury, PA
Dalhart, TX
Round Lake Beach--McHenry--Grayslake, IL--WI
Flora, IL
Scranton, PA
Lee's Summit, MO
Joplin, MO
Lebanon, MO
Pensacola, FL--AL
Orlando, FL
Albany, GA
Hilo, HI
Hattiesburg, MS
Kailua (Hawaii County), HI
Cleveland, MS
West Point, MS
Fayetteville, TN
Vieques (Vieques Municipio), PR
San Germán--Cabo Rojo--Sabana Grande, PR
Berlin, WI
Ogallala, NE
Cadillac, MI
Oneonta, AL
Columbus, IN
Crowley, LA
Rayne, LA
Fulton, KY--TN
Antioch, CA
Vallejo, CA
Harlan, IA
Taylorville, IL
Ontario--Payette, OR--ID
Mansfield, LA
Corinth, NY
Glens Falls, NY
Baton Rouge, LA
Willows, CA
York, PA
Gastonia, NC
Greensboro, NC
Nevada, MO
Little Rock, AR
Camdenton, MO
Richmond, MO
Bishop, CA
Winterset, IA
Marysville, OH
Brunswick--St. Simons, GA
Bushnell, FL
San Angelo, TX
New Philadelphia--Dover, OH
Hartwell, GA
Lago Vista (Travis County), TX
LaBelle, FL
Adel, IA
Fairbanks, AK
Elberton, GA
Swainsboro, GA
Hillsboro, IL
Henderson, TN
Lake City, SC
Cloquet, MN
Clearfield, PA
Holden Beach, NC
Perry, OK
Amsterdam, NY
Mineola, TX
Saratoga Springs, NY
Oneonta, NY
Sidney, NY
Sulphur Springs, TX
Bartlesville, OK
Athens, TX
Liberty, NY
Shawnee, OK
Malone, NY
Kittanning--Ford City, PA
Marion, NC
Galax, VA
Hillsboro, TX
Harrisonburg, VA
Franklin, LA
Elk City, OK
Austin, TX
Du Quoin, IL
Rensselaer, IN
Soledad, CA
Augusta, KS
Salinas, CA
Barnesville, GA
Uvalde, TX
Orrville, OH
Wooster, OH
Hinesville, GA
Urbana, OH
Upper Sandusky, OH
Del Rio, TX
Wapakoneta, OH
Victoria, TX
Galion, OH
Wharton, TX
Fort Valley, GA
Findlay, OH
Warren, AR
Sikeston, MO
Monticello, AR
Sheridan, AR
Dexter, MO
Scott City, MO
Walnut Ridge, AR
Jerseyville, IL
Carlinville, IL
Waterloo, IL
Beebe, AR
Sullivan, MO
Washington, MO
Litchfield, IL
Salem, MO
Clarksville, AR
Myrtle Beach--North Myrtle Beach, SC--NC
Landrum--Tryon, SC--NC
Bristol, TN--VA
Clinton, SC
Newberry, SC
Kingstree, SC
Calhoun, GA
Etowah, TN
Marion, VA
Shelby, NC
Mocksville, NC
Oxford, NC
Commerce, GA
Cornelia--Baldwin, GA
Valley--Lanett, AL--GA
Mayodan, NC
Jackson, GA
Cartersville, GA
Dahlonega, GA
Robertsdale, AL
Bogalusa, LA
Eufaula, AL--GA
Ozark, AL
Juneau, AK
Bethel, AK
Anchorage, AK
Kodiak--Mill Bay, AK
Sitka, AK
Wasilla--Knik-Fairview--North Lakes, AK
Laie--Hauula, HI
Kahului--Wailuku, HI
Pukalani--Haiku-Pauwela--Makawao, HI
Waikoloa Village, HI
Arecibo, PR
Coamo, PR
Ponce, PR
Barceloneta--Florida--Bajadero, PR
Ciales, PR
Pacific, MO
Arlington, TN
Huntsville, AL
Arab, AL
Tuscaloosa, AL
Pulaski, TN
Lawrenceburg, TN
Corinth, MS
Columbus, MS
Selma, AL
Savannah, TN
Clanton, AL
Montevallo, AL
Frankfort, KY
Wilmore, KY
Mayfield, KY
Decatur, IL
Fresno, CA
Firebaugh, CA
Albert Lea, MN
Pikeville, KY
Portland, TN--KY
Minneapolis--St. Paul, MN
Morehead, KY
Franklin, KY
Sturgis, MI
Three Rivers, MI
Clinton, IL
Vandalia, IL
Effingham, IL
Odessa, MO
Williamsport, PA
Troy, MO
Greenville, PA
Williston, ND
Youngstown, OH
Bradford, PA--NY
Chillicothe, MO
Lewistown, PA
Waseca, MN
Washington, NC
Greenville, AL
Waterville, ME
Georgetown, KY
Anniston--Oxford, AL
Monticello, IN
Atlanta, GA
Lexington-Fayette, KY
Camden, ME
Traverse City--Garfield, MI
Millinocket, ME
Ulysses, KS
Winnfield, LA
Huron, CA
Kerman, CA
Paxton, IL
West Frankfort, IL
Carthage, TX
Rancho Calaveras, CA
St. Cloud, MN
Rumford, ME
Hickory, NC
Middlesborough, KY--TN
Winston-Salem, NC
Barnstable Town, MA
Kilgore, TX
Conneaut, OH
Athens, TN
Jennings, LA
Wilson, NC
Ashtabula, OH
Stuttgart, AR
Houghton Lake, MI
Lake Jackson, TX
Laconia, NH
Franklin, NH
Vineland, NJ
New York--Jersey City--Newark, NY--NJ
Dillon, MT
Columbus, GA--AL
Palm Bay--Melbourne, FL
Savannah, MO
Manistee, MI
Rochester, NY
Cookeville, TN
Brainerd, MN
Grand Rapids, MN
Natchitoches, LA
International Falls, MN
Madison, GA
Dickinson, ND
Bemidji, MN
Sallisaw, OK
Lincoln City, OR
Waldport, OR
Muskogee, OK
Burns, OR
Newport, OR
Klamath Falls--Altamont, OR
Devils Lake, ND
Roxboro, NC
Hoopeston, IL
Ely, NV
Crossville, TN
Tyler, TX
Middletown, NY
Greenville, TX
Tupper Lake, NY
College Station--Bryan, TX
Monticello, NY
Owego, NY
Durant, OK
Norwich, NY
Ardmore, OK
Hugo, OK
Lynchburg, VA
Cleveland, TX
Navasota, TX
Hempstead, TX
Brenham, TX
Holdenville, OK
Lake Conroe Westshore, TX
Liberty, TX
Gonzales, CA
Greenfield, CA
Mount Vernon, IN
Warrenton, MO
Watsonville, CA
Waterloo, IA
Middletown, DE
Washington Court House, OH
El Campo, TX
Forsyth, GA
Cambridge, OH
Nelsonville, OH
Decatur, TX
Coshocton, OH
Edna, TX
Pocatello, ID
Graham, TX
Wilmington, OH
Zapata--Medina, TX
Cheyenne, WY
Summerville, GA
Dublin, GA
Princeville, HI
Kapaa, HI
Ione, CA
Immokalee, FL
Tonganoxie, KS
Shippensburg, PA
Maryville, MO
Castle Rock, CO
Shelbyville, KY
Harrodsburg, KY
Winchester, KY
Mountain Lake Park, MD
Toccoa, GA
Macon-Bibb County, GA
Williamston, NC
New Tazewell--Tazewell, TN
Oak Island, NC
Havelock, NC
Boone, NC
York, SC
Ahoskie, NC
St. James, NC
Hampstead, NC
Danville, VA--NC
Hillsborough, NC
Lake Royale, NC
Wendell, NC
Inman, SC
Tellico Village, TN
Sylva, NC
Perry, GA
Blowing Rock, NC
Potala Pastillo, PR
Utuado, PR
Guánica, PR
Aibonito, PR
Ketchikan, AK
Kansas City, MO--KS
Kailua (Honolulu County)--Kaneohe, HI
Perry, FL
St. Augustine, FL
Chattanooga, TN--GA
Kekaha, HI
Dalton, GA
Moultrie, GA
Valdosta, GA
Tifton, GA
Lahaina--Napili-Honokowai, HI
Lihue, HI
Kihei, HI
Harlan, KY
Paintsville, KY
Louisa, KY--WV
Hazard, KY
Roaring Spring, PA
Ebensburg, PA
Portage, PA
Clarion, PA
Ridgway, PA
Richmond, KY
Indiana--White, PA
New Castle, PA
Somerset, PA
Bedford, PA
Salem, OH
Slippery Rock, PA
North East, PA
Treasure Lake, PA
New Martinsville, WV--OH
Parkersburg, WV--OH
Buies Creek--Lillington, NC
Chincoteague, VA
Lodi, CA
Manteca, CA
Modesto, CA
Discovery Bay, CA
Bangor, ME
Plattsmouth, NE
Florence, AL
Washington, IN
Albion, NY
Oxford, MS
Geneva, NY
Nevada, IA
Rocky Mount, NC
Tarboro, NC
Dos Palos, CA
St. Louis, MO--IL
St. Francis, MN
Portland, ME
Paris, KY
New Ulm, MN
Portsmouth, NH--ME
Hanover, PA
Alexandria, MN
Marlin, TX
Littlestown, PA
Aberdeen, SD
Humboldt, TN
Boston, MA--NH
Altoona, PA
Tyrone, PA
Milan, TN
Sioux Falls, SD
Palestine, TX
Kennett, MO
West Columbia, TX
Sunbury, PA
Norfolk, NE
Dayton, OH
Plattsburgh, NY
Arkadelphia, AR
El Paso, TX--NM
Wahpeton, ND--MN
Lexington, VA
Dodgeville, WI
Las Cruces, NM
Trenton, NJ
Columbus, WI
Boyne City, MI
Lorain--Elyria, OH
Heber Springs, AR
Hastings, MI
Medina, NY
Russellville, AL
Caruthersville, MO
Meridian, MS
Mendota, CA
Philadelphia, PA--NJ--DE--MD
Grayson, KY
Union City, TN
Huron, SD
Augusta-Richmond County, GA--SC
Andrews, TX
Allentown--Bethlehem, PA--NJ
Lancaster--Manheim, PA
McKenzie, TN
Rapid City, SD
Reading, PA
Murray, KY
Greenville, SC
Box Elder, SD
Johnson City, TN
Sayre--Waverly, PA--NY
Norwalk, OH
Gloversville, NY
Delano, MN
Lincoln Beach, OR
Portland, MI
Hillsdale, MI
Leisuretowne, NJ
Batavia, NY
Coolbaugh--Pocono Pines, PA
Birdsboro--Amity, PA
Schuylkill Haven--Orwigsburg, PA
Palmyra, PA
Winchendon, MA
Atlantic City--Ocean City--Villas, NJ
Fire Island, NY
Putnam--Killingly, CT
Meredith, NH
Oak Ridge, NJ
Riverhead--Southold, NY
Lebanon, NH--VT
Bel Air--Aberdeen, MD
Pepperell, MA
Durham, NH
Warrenton--New Baltimore, VA
Hampstead--Manchester, MD
Lehighton--Palmerton--Jim Thorpe, PA
Willard, MO
The Dalles, OR
Rio Grande City--Roma, TX
Ellwood City, PA
Lake Placid, FL
Smithville, MO
Elizabethtown--Radcliff, KY
Louisville/Jefferson County, KY--IN
Marietta, OH--WV
Pennsburg--Upper Hanover--East Greenville, PA
Radford, VA
Raymond, NH
Amherst Town--Northampton--Easthampton Town, MA
Westerly, RI--CT
Spencer, MA
La Plata, MD
Suffolk, VA
Tracy--Mountain House, CA
Delhi, CA
Tulare, CA
Dayton Northeast, NV
Magalia, CA
Lake Holiday, IL
Kingsburg, CA
McKinleyville, CA
Livingston, CA
Livermore--Pleasanton--Dublin, CA
Lemoore, CA
Exeter, CA
Nice, CA
Arcata, CA
Republic, MO
Troy, OH
Peculiar, MO
Pea Ridge, AR
Polk City, IA
Key Largo, FL
Jefferson, GA
Plumas Lake, CA
Pinehurst--Southern Pines, NC
Coalinga, CA
Reedley--Dinuba, CA
Sanger, CA
Selma, CA
Turlock, CA
Colusa, CA
Orland, CA
King City, CA
Seaside--Monterey--Pacific Grove, CA
Santa Cruz, CA
Merced, CA
Chowchilla, CA
Eureka, CA
Carson City, NV
Charlotte Amalie, VI
Cruz Bay, VI
Christiansted--Frederiksted, VI
Escalon, CA
Stockton, CA
Fayetteville, NC
Spout Springs, NC
Laurinburg, NC
Raleigh, NC
Sanford, NC
Anchorage Northeast, AK
Kenai, AK
Soldotna, AK
Buckhannon, WV
Cresson, PA
California--Brownsville, PA
Moundsville, WV
Steubenville--Weirton, OH--WV--PA
Jacksonville, FL
Live Oak, FL
Macclenny, FL
Lake City, FL
Deltona, FL
Titusville, FL
Bonita Springs--Estero, FL
Big Pine Key, FL
Okeechobee--Taylor Creek, FL
Pahokee, FL
Frostproof, FL
Clewiston, FL
Arcadia, FL
Winnemucca, NV
Fernley, NV
Pahrump, NV
Red Bluff, CA
Lindsay, CA
Woodlake, CA
Lake of the Pines, CA
Hanford, CA
Willits, CA
Petaluma, CA
Sonoma, CA
Vacaville, CA
Woodland, CA
Clearlake, CA
Galt, CA
Incline Village, NV--CA
Mount Shasta, CA
Sebastopol, CA
Dayton Southwest, NV
Oakdale, CA
Ripon, CA
Tafuna--Pago Pago, AS
Keystone Heights, FL
Richlands, VA
Bayard, NM
Kenosha, WI
Sylacauga, AL
Charlevoix, MI
Ennis, TX
Columbus, OH
Lancaster, OH
Talladega, AL
Ada, OH
Antigo, WI
Stephenville, TX
Kenton, OH
Lexington, NE
Jasper, IN
Andalusia, AL
Connersville, IN
Brookhaven, MS
Bath, NY
Corning, NY
Grand Island, NE
Cynthiana, KY
Belfast, ME
Parlier, CA
Orange Cove, CA
New Bedford, MA
Sioux City, IA--NE--SD
Beaufort--Port Royal, SC
Charleston, SC
Sealy, TX
Grove City, PA
Pittsburgh, PA
Madison, SD
Johnstown, PA
Gaffney, SC
Philipsburg, PA
Spartanburg, SC
Morrilton, AR
Alexander City, AL
Tucumcari, NM
Asheville, NC
Plymouth, NH
Scottsbluff, NE
Pottsville, PA
Bonham, TX
Mount Pleasant, MI
Jonesboro, AR
Glencoe, MN
Hutchinson, MN
Portales, NM
Neosho, MO
Pearsall, TX
Little Falls, MN
Fredericksburg, VA
Charlotte, NC--SC
Conway, AR
Johnstown, OH
Cullman, AL
Horse Cave, KY
Bremen, GA
Batesville, IN
Amory, MS
Perry, NY
Linton, IN
Penn Yan, NY
Liberal, KS
Fort Payne, AL
Pratt, KS
New Castle, IN
Jasper, GA
Staunton--Waynesboro, VA
Waldorf, MD
Seneca, SC
Lake of the Woods, VA
Belton, SC
West Milton, OH
Sandusky--Port Clinton, OH
Brookville, OH
Eagle Mountain, UT
World Golf Village, FL
South Pittsburg--Bridgeport, TN--AL
Leonardtown, MD
Bealeton, VA
Chester, NY
Newton, NJ
Walden, NY
Mystic Island--Little Egg Harbor, NJ
Greendale--Lawrenceburg--Hidden Valley, IN--OH
Fenton, MI
Freeland, MI
New Carlisle, OH
Wellston, OH
Germantown, OH
Tecumseh, MI
Worth--Lexington, MI
White House, TN
Jackson, OH
Albany--Schenectady, NY
Middleton, ID
Point Roberts, WA
McCall, ID
Duvall, WA
Monroe, WA
Prosser, WA
North Bend, WA
Scappoose, OR
Rockaway Beach, OR
Bayside Gardens--Manzanita, OR
Falcon, CO
Freeland, WA
Brigham City, UT
Minster--New Bremen, OH
La Grange, KY
Henderson, KY
Brazil, IN
Corydon, IN
Fairhope--Daphne, AL
Mount Washington, KY
Navarre--Miramar Beach--Destin, FL
Bluffton East--Hilton Head Island, SC
Fort Rucker--Daleville, AL
Pascagoula--Gautier, MS
Honolulu, HI
Loíza--Vieques (Loíza Municipio), PR
Pupukea, HI
Salinas--Coco, PR
Coquí--Jobos, PR
Pole Ojea, PR
Lares, PR
Phoenix West--Goodyear--Avondale, AZ
Park City--Snyderville, UT
Florence West, AZ
Buckeye North, AZ
Sahuarita, AZ
Munds Park, AZ
Adel, GA
Clarksdale, MS
Atchison, KS
Larned, KS
Great Bend, KS
Anderson, IN
Leavenworth, KS
Sugarmill Woods, FL
Burnt Store Marina, FL
Vero Beach--Sebastian, FL
Asbury Lake--Middleburg, FL
Bartow, FL
St. James City, FL
Dade City, FL
Denton, MD
Taneytown, MD
Cambridge, MD
Frederick, MD
Poolesville, MD
Princess Anne, MD
Provincetown, MA
Dover--Rochester, NH--ME
Nantucket, MA
Kutztown, PA
Tamaqua, PA
North Adams, MA
Bloomsburg--Berwick, PA
Castroville--Prunedale, CA
Cold Springs, NV
Excelsior Springs, MO
Kearney, MO
Trenton, MO
Platte City, MO
Keokuk, IA--IL
Clarinda, IA
Clay Center, KS
Cameron, MO
Kearney, NE
Fairbury, NE
Nebraska City, NE
York, NE
North Platte, NE
Lawrence, KS
Junction City, KS
Iola, KS
Pittsburg, KS
Wellington, KS
Jefferson City, MO
Alamosa, CO
Raton, NM
Borger, TX
Guymon, OK
Ogden--Layton, UT
Muleshoe, TX
Childress, TX
Silver City, NM
Las Vegas, NM
Delta, CO
Gypsum, CO
Wellington, CO
Craig, CO
Fort Morgan, CO
Montrose, CO
Lafayette--Erie--Louisville, CO
Battlement Mesa, CO
Glenwood Springs, CO
Levelland, TX
Deming, NM
Odessa, TX
Picayune, MS
Portland, IN
Lincoln, NE
Atmore, AL
Madison, IN
Danville, KY
Vincennes, IN
Brewton, AL
Alton, IL
Staunton, IL
Twin Falls, ID
Creston, IA
Ottumwa, IA
Metropolis, IL
Fort Dodge, IA
Coeur d'Alene, ID
Gilroy--Morgan Hill, CA
Waynesboro, PA--MD
Bolivar, TN
Vermillion, SD
Chester, SC
Hazleton, PA
Morristown, TN
Beeville, TX
Bellefonte, PA
State College, PA
Manning, SC
Kingsport, TN--VA
Lexington, TN
Wayne, NE
Hot Springs, AR
Ishpeming, MI
Galveston--Texas City, TX
Ste. Genevieve, MO
Omaha, NE--IA
Claremont, NH
Franklin (Venango County), PA
Nicholasville, KY
McComb, MS
Gadsden, AL
LaFayette, GA
North Vernon, IN
Bay Minette, AL
Havre, MT
Booneville, MS
Holdrege, NE
Wellsville, NY
Bloomington, IN
Le Roy, NY
Rathdrum, ID
San Jose, CA
Brunswick, MD
Thurmont, MD
Weiser, ID--OR
Kinston, NC
Vinton, IA
Olney, IL
Baltimore, MD
Ripley, TN
Florence, SC
Lead, SD
Spearfish, SD
Dillon, SC
Tillamook, OR
Winnsboro, SC
Providence, RI--MA
Lock Haven, PA
Lee, MA
Pittsfield, MA
Othello, WA
Heber-Overgaard, AZ
Goodyear South, AZ
Payson--Santaquin, UT
Pinetop-Lakeside, AZ
Snowmass Village, CO
Hidden Meadows, CA
Frisco, CO
Peoria, AZ
Pueblo West, CO
Buellton, CA
Crestline--Lake Arrowhead, CA
Palmdale--Lancaster, CA
Los Osos, CA
Fallbrook, CA
Alpine, CA
El Centro, CA
Temecula--Murrieta--Menifee, CA
Perry, IA
Lamont, CA
New Braunfels, TX
Orange, TX
Pinehurst (Montgomery County)--Magnolia, TX
New Iberia, LA
Royse City, TX
McKinney--Frisco, TX
Whitehouse, TX
Midlothian, TX
Angleton, TX
The Woodlands--Conroe, TX
Summerset, SD
Stillwater, MN--WI
Isanti, MN
Glenwood, MN
Heartland, TX
Hornsby Bend, TX
Aransas Pass--Port Aransas--Ingleside, TX
Melissa--Anna, TX
Spicer--New London, MN
Watford City, ND
Buchanan, MI
Oronoko--Berrien Springs, MI
Wind Lake, WI
Grafton--Port Washington--Cedarburg, WI
Au Gres, MI
Hayes, MI
Higgins Lake, MI
Tippecanoe, IN
Jackson, WI
Hartford, WI
Fontana-on-Geneva Lake, WI
Valparaiso--Shorewood Forest, IN
Allendale, MI
Wales, WI
Elburn, IL
Twin Lakes, WI--IL
Manteno, IL
Coal City--Braidwood, IL
St. Helen, MI
Stoughton, WI
Conway, NH
Lincoln, NH
Millington, TN
Huntsville Southeast, AL
Connellsville, PA
Boothbay Harbor, ME
Bonne Terre, MO
Winchester, VA
Stafford Springs, CT
Ware, MA
Springfield, VT
Brattleboro, VT
Muncy, PA
Milton, PA
Washington, NJ
Concord, NH
Salem, NJ
Hammonton, NJ
Colchester, CT
Lewes--Rehoboth Beach, DE
Millsboro, DE
Waterbury, CT
Torrington, CT
Harrington, DE
Charlestown, RI
Vineyard Haven--Edgartown--Oak Bluffs, MA
Catskill, NY
Mexico, MO
Dodge City, KS
Higginsville, MO
Macon, MO
Marshall, MO
Moberly, MO
Rolla, MO
El Dorado, KS
Abilene, KS
Colby, KS
Quincy, IL
Brookfield, MO
Bolivar, MO
Warrensburg, MO
Winfield, KS
Whiteman AFB--Knob Noster, MO
Holts Summit, MO
Cushing, OK
Stillwater, OK
Seminole, OK
Woodward, OK
Moab, UT
Cedar City, UT
Nephi, UT
Stansbury Park, UT
West Wendover, NV--UT
Los Lunas, NM
Boulder City, NV
Salida, CO
Lovington, NM
Evergreen, CO
Colorado Springs, CO
Monahans, TX
Pueblo, CO
Colorado City, TX
Española, NM
Truth or Consequences, NM
Douglas, AZ
Sedona, AZ
Winslow, AZ
Wickenburg, AZ
Arroyo Grande--Grover Beach--Pismo Beach, CA
Cambria, CA
San Luis Obispo, CA
Los Angeles--Long Beach--Anaheim, CA
Ramona, CA
Lompoc, CA
Solvang--Santa Ynez, CA
Fulton, MO
Manchester, NH
Beaumont, TX
Marion--Herrin, IL
Hartselle, AL
Uniontown, PA
Shinnston, WV
Monessen, PA
Tiltonsville--Brilliant, OH
Wise--Norton, VA
Chapin, SC
Newton Falls, OH
Conneaut Lakeshore, PA
Sharon--Hermitage, PA--OH
Seymour, TN
Canton, NC
Adairsville, GA
Seabrook Island, SC
Griffin, GA
Pickens, SC
Governors Club, NC
Creedmoor, NC
Wilkesboro--North Wilkesboro, NC
Waynesville, NC
Litchfield Beach, SC
Anderson--Clemson, SC
Kings Mountain, NC
Villa Rica, GA
Williamston, SC
Camden--Lugoff, SC
Zebulon, NC
Walhalla, SC
Clayton, NC
Panama City--Panama City Beach, FL
Oberlin, OH
Montauk, NY
Harrisburg, SD
Sparta, MI
Douglas, MI
Atoka, TN
Springfield, TN
London--Corbin, KY
Otsego--Plainwell, MI
Williamsburg, VA
Statesville, NC
Chatsworth, GA
Woodmont, GA
Mount Plymouth, FL
Wildwood, FL
Port Charlotte--North Port, FL
The Villages--Lady Lake, FL
Bradenton--Sarasota--Venice, FL
Fernandina Beach--Yulee, FL
Daytona Beach--Palm Coast--Port Orange, FL
Rainbow Springs, FL
Beverly Hills--Homosassa Springs--Pine Ridge, FL
Brooksville, FL
Kingsland--St. Marys, GA
Shamokin--Mount Carmel, PA
Oakland, TN
Helena-West Helena, AR
Shenandoah--Frackville, PA
Jersey Shore, PA
Lake Delton, WI
Conesus Lake, NY
Palmyra, NY
Village of Four Seasons, MO
Hudson, WI--MN
Ridgecrest, CA
Taft, CA
Avalon, CA
Thousand Oaks, CA
Oxnard--San Buenaventura (Ventura), CA
Kingman, AZ
Lake Havasu City, AZ
Brawley, CA
Barstow, CA
Twentynine Palms North, CA
Big Bear, CA
Silver Lakes, CA
Cienega Springs, AZ
Bismarck, ND
Sheldon, IA
Pierre, SD
Fargo, ND--MN
North Branch, MN
Mankato, MN
Waconia, MN
Brookings, SD
Yankton, SD
Belle Fourche, SD
Brandon, SD
Merrill, WI
Stevens Point, WI
Red Wing, MN
Worthington, MN
Valley City, ND
Grand Forks, ND--MN
Northfield, MN
Litchfield, MN
Rochester, MN
Sauk Centre, MN
Snowflake, AZ
Arizona City, AZ
Florence East, AZ
Grants, NM
Taos, NM
Bloomfield, NM
Maricopa, AZ
Corona de Tucson, AZ
Fort Lupton, CO
Vail, AZ
Kirtland, NM
Rio Verde, AZ
Telluride--Mountain Village, CO
Gold Canyon, AZ
The Pinery, CO
Green Valley, AZ
Grand Lake, CO
Prescott Valley East, AZ
Houma, LA
Donaldsonville, LA
San Diego Country Estates, CA
Joshua Tree, CA
Morro Bay, CA
Calexico, CA
Sonterra, TX
Zachary, LA
Princeton, TX
Mont Belvieu, TX
Coxsackie, NY
Ravena--Bethlehem, NY
Port Jervis, NY--PA
Honesdale, PA
St. Peter, MN
Nashua, NH--MA
Mauldin--Simpsonville, SC
Logan, UT
Goldsboro, NC
Hot Springs Village, AR
Pampa, TX
Paragould, AR
Cherryville, NC
Malvern, AR
Oil City, PA
Plainview, TX
Bridgeton, NJ
McCook, NE
Somerset, KY
Crete, NE
Buffalo, NY
Tell City, IN--KY
Falls City, NE
Monticello, KY
Campbellsville, KY
Greenville, MS
Waterford, CA
Monticello, IL
Port Arthur, TX
New Prague, MN
Sidney, NE
Jackson, TN
Blair, NE
Grandview, WA
Kennewick--Richland--Pasco, WA
Hannibal, MO
Greenwood, SC
Marshall, MN
Fairmont, MN
Charlottesville, VA
Schuyler, NE
Troy, AL
Warren, PA
Colonial Beach, VA
Kill Devil Hills--Nags Head, NC
Kingston, NY
Manteo, NC
Marshfield, MO
Ellenville, NY
Poughkeepsie--Newburgh, NY
Williams, CA
Crystal City, TX
Chardon, OH
Prestonsburg, KY
Alice, TX
Lubbock, TX
Fairfield Glade, TN
Danville, IL
Monmouth, IL
New Bern, NC
Mena, AR
Fond du Lac, WI
Sherman--Denison, TX
Browns Mills, NJ
Mobile, AL
Ripon, WI
Middlebury, VT
Ironwood, MI--WI
Gardnerville, NV
Mammoth Lakes, CA
Eau Claire, WI
Reno, NV--CA
Elko, NV
Clifton Springs, NY
East Aurora, NY
Osage Beach, MO
Fort Leonard Wood--St. Robert--Waynesville, MO
Four Corners, FL
Ocean Pines--Ocean City, MD--DE
Las Vegas--Henderson--Paradise, NV
Lake Bryant, FL
Hilton, NY
Clayton, NY
Fulton, NY
Canastota, NY
Collins, NY
Lake Erie Beach, NY
Hamburg--Vernon--Highland Lakes, NJ
Sunderland--South Deerfield, MA
Maytown--Marietta, PA
Clinton, NJ
Seaford--Laurel--Bridgeville, DE
Exeter, NH
Eldersburg, MD
Winsted, CT
Southbridge Town, MA
Orangetree, FL
Spring Hill, FL
Poinciana Southwest, FL
Tri-City--Myrtle Creek, OR
Ridgefield, WA
Collinsville, OK
Star, ID
Mahanoy City, PA
Slatington, PA
Storrs, CT
Danville--Mahoning, PA
Ridgefield, CT
Flemington--Raritan, NJ
Lambertville, NJ--PA
Panther Valley, NJ
Urbana, MD
South Berwick, ME--NH
Culpeper, VA
Woodstock, VA
Ashland, PA
Jewett City, CT
Lexington Park--California--Chesapeake Ranch Estates, MD
West Point--Highland Falls, NY
New Paltz, NY
Princeton, MN
Mitchell, SD
Virginia, MN
Sturgis, SD
Minot, ND
Hastings, MN
Menomonie, WI
Redwood Falls, MN
Rice Lake, WI
Montrose, MN
Calumet, MI
Big Lake, MN
Monticello, MN
Enid, OK
Wichita Falls, TX
Monett, MO
Aurora, MO
Vinita, OK
Clinton, OK
Grove, OK
Pryor Creek, OK
Green River, WY
Rock Springs, WY
Lewiston, ID--WA
Connell, WA
Moses Lake, WA
Prineville, OR
Great Falls, MT
Miles City, MT
Mountain Home, ID
Rupert, ID
Nampa, ID
Emmett, ID
Hamilton, MT
Florence, OR
Veneta, OR
Dallas, OR
Sheridan, OR
La Grande, OR
Aberdeen, WA
Ocean Shores, WA
Shelton, WA
East Tawas, MI
Cheboygan, MI
Decatur, IN
Fort Wayne, IN
Bluffton, IN
Huntington, IN
Anamosa, IA
Algona, IA
Waupaca, WI
Kewanee, IL
Oshkosh, WI
Dixon, IL
Warsaw, IN
Rantoul, IL
Ames, IA
Decorah, IA
Oelwein, IA
Holland, MI
Mason City, IA
Spencer, IA
Tama, IA
Porterville, CA
Sulphur, OK
Crockett, TX
Ada, OK
Agat--Apra Harbor, GU
Front Royal, VA
Wheeling, WV--OH
Luray, VA
Athens, OH
New Richmond, WI
Point Pleasant--Gallipolis, WV--OH
Middleport, OH--WV
Idabel, OK
Cullowhee, NC
Charleston, WV
Logan, WV
Tazewell, VA
Morgantown, WV
Bluefield, WV--VA
Pulaski, VA
Evansville, IN
Baxley, GA
Hartford, CT
Elkhart, IN--MI
Wetumpka, AL
Peru--LaSalle, IL
Lake Pocotopaug, CT
New Haven, CT
Storm Lake, IA
Bowling Green, OH
Basalt, CO
Fostoria, OH
Hollister, CA
Georgetown, DE
Long Neck, DE
Milford, DE
Ocean View, DE
Jacksonville, IL
Slaton, TX
Corpus Christi, TX
Vidalia, GA
Leitchfield, KY
Faribault, MN
Cherokee, IA
Bay City, TX
Kaplan, LA
Augusta, ME
Westville, IN
Dover, DE
Manhattan, KS
Corning, CA
Orosi, CA
Earlimart, CA
Visalia, CA
Boone, IA
Russells Point, OH
Columbia, MO
Canton, MS
Columbus, NE
Elkton, VA
Strasburg, VA
Fairmont, WV
Weston, WV
Clarksburg, WV
Grafton, WV
Seattle--Tacoma, WA
Longview, WA--OR
Seaside, OR
Ellensburg, WA
Estherville, IA
Okmulgee, OK
Claremore, OK
Tahlequah, OK
Duncan, OK
Guthrie, OK
Chickasha, OK
Berryville, AR
Pauls Valley, OK
Prairie Grove, AR
Skiatook, OK
McAlester, OK
Poteau, OK
Kimberling City, MO
Bryan, OH
Adrian, MI
Holly, MI
Midland, MI
Saginaw, MI
Dundee, MI
Durand, MI
Caro, MI
Anacortes, WA
Mount Vernon, WA
Colville, WA
Olympia--Lacey, WA
Sunnyside, WA
Evanston, WY
Livingston, MT
Madras, OR
Worland, WY
Sandy, OR
Laurel, MT
Whitefish, MT
Missoula, MT
Reedsport, OR
Astoria, OR
Chelan, WA
Bremerton, WA
Ocean Park, WA
Snoqualmie, WA
Canby, OR
Iron Mountain--Kingsford, MI--WI
DeKalb, IL
Genoa, IL
Washington, IA
Ludington, MI
Kasson, MN
Fremont, MI
Paw Paw, MI
Morris, IL
Edgerton, WI
Plymouth, WI
Mukwonago, WI
Lowell, IN
Gaylord--Bagley, MI
Waupun, WI
Racine, WI
Escanaba, MI
Marquette, MI
Princeton, IL
Watseka, IL
Denison, IA
Cincinnati, OH--KY
Greensburg, IN
Union City, IN--OH
St. Johns, MI
Albion, MI
Chelsea, MI
Newark, OH
Sultan, WA
Lakeport, CA
Stanwood, WA
Cle Elum, WA
Marysville, WA
Cairo, GA
Fergus Falls, MN
Carlsbad, NM
Beckley, WV
Artesia, NM
Vail, CO
Eagle, CO
Sebring--Avon Park, FL
Cleveland, OH
Bridgeport--Stamford, CT--NY
Boise City, ID
Kuna, ID
Greenwood, AR
Athens-Clarke County, GA
Atlantic, IA
Carbondale, CO
New Castle, CO
Rifle, CO
Kankakee, IL
Greenfield, OH
Hillsboro, OH
Pocahontas, AR
Steamboat Springs, CO
Cambridge, MN
Searcy, AR
Summit Park, UT
San Diego, CA
Byron, IL
Grass Valley, CA
Placerville--Diamond Springs, CA
Molalla, OR
Sacramento, CA
Truckee, CA
Estacada, OR
Wadena, MN
Victorville--Hesperia--Apple Valley, CA
Wrightwood, CA
Cortez, CO
Alamogordo, NM
Hurricane, UT
Wagoner, OK
Yucca Valley, CA
Pagosa Springs, CO
Ruidoso, NM
Socorro, NM
Shiprock, NM
Farmington, NM
St. George, UT
Gallup, NM
Watertown, WI
Yreka, CA
Garapan, MP
Granite Falls, WA
Belfair, WA
Tulsa, OK
West Jefferson--Lake Darby, OH
Fort Smith, AR--OK
Willimantic, CT
Forest City--Spindale, NC
Alliance, OH
Weatherford, OK
Parsons, KS
Columbiana, OH
Napoleon, OH
London, OH
Marion, OH
Piqua, OH
New Lexington, OH
Shelby, OH
Bellevue, OH
Tiffin, OH
Van Wert, OH
Lima, OH
Bucyrus, OH
Logan, OH
Oxford, OH
Friday Harbor, WA
Long Beach, WA
Milton-Freewater, OR
Galliano--Larose--Cut Off, LA
Hammond, LA
Natchez, MS--LA
New Orleans, LA
Eunice, LA
St. Martinville, LA
Ville Platte, LA
Vicksburg, MS--LA
Marksville, LA
Leesville, LA
Jacksonville, TX
Springhill, LA
Canyon Lake, TX
Gatesville, TX
Sanger, TX
Hondo, TX
La Grange, TX
Angola, IN
Marseilles, IL
Ottawa, IL
Pontiac, IL
Iowa Falls, IA
Mount Vernon, IA
Indianola, IA
Eureka, IL
Waverly, IA
Prairie du Sac--Sauk City, WI
Burlington, WI
Delavan, WI
Elkhorn, WI
Marshall, MI
Dowagiac, MI
Hampshire, IL
Rochelle, IL
Mount Horeb, WI
Platteville, WI
Viroqua, WI
Sault Ste. Marie, MI
Mount Vernon, OH
Ashland, OH
Ashville, OH
Bellefontaine, OH
Winchester, IN
Harrison, OH--IN
Sunbury, OH
Crestline, OH
Dexter, MI
Xenia, OH
Medina, OH
Tullahoma, TN
Winchester, TN
Muncie, IN
Lebanon, IN
Norwich--New London, CT
Milledgeville, GA
Gunnison, CO
Idaho Falls, ID
Osceola, IA
Leesburg--Eustis--Tavares, FL
Siloam Springs, AR--OK
Galesburg, IL
Kingsville, TX
Henryetta, OK
Santa Maria, CA
Mathis, TX
Morris, MN
Hastings, NE
Hudson, NY
Breckenridge, TX
Clovis, NM
LaGrange, GA
Greenwood, MS
Byron, MN
Stewartville, MN
Oroville, CA
Chico, CA
Center, TX
East Palestine, OH
Laughlin, NV
Shawano, WI
Avenal, CA
Corcoran, CA
Lemoore Station, CA
Dyersburg, TN
Beaver Dam, WI
Dededo--Apotgan--Tamuning, GU
Montesano--Elma, WA
Nipomo, CA
El Paso de Robles (Paso Robles)--Atascadero, CA
Horseshoe Bay, TX
Camp Verde, AZ
Prescott--Prescott Valley, AZ
Johnstown, CO
Severance, CO
Aztec, NM
Firestone--Frederick, CO
Marana, AZ
Belterra, TX
Edwards--Avon, CO
Cottonwood (Yavapai County)--Verde Village, AZ
Auburn, CA
Fraser, CO
Tuskegee, AL
Yuba City, CA
Akron, OH
Brevard, NC
El Dorado, AR
Spring Hill, KS
Winder, GA
Danbury, CT--NY
Dothan, AL
Mendota, IL
Streator, IL
Paris, TX
Warner Robins, GA
Paola, KS
Cape Coral, FL
Jerome, ID
St. Marys, OH
Manchester, IA
Gridley, CA
Elwood, IN
Crawfordsville, IN
Charlestown, IN
Huntingburg, IN
Seymour, IN
Bedford, IN
Lufkin, TX
Rockport, TX
Pleasanton, TX
Jasper, TX
Pecan Plantation, TX
Falfurrias, TX
Kingsland, TX
Gonzales, TX
Ruston, LA
Magnolia, AR
Hope, AR
Morgan City, LA
Granbury, TX
McGregor, TX
Henderson, TX
Laredo, TX
Floresville, TX
Corsicana, TX
Abbeville, LA
Sinton, TX
Camden, AR
Woodstock, IL
Fort Atkinson, WI
Lake Mills, WI
Mayville, WI
Paw Paw Lake, MI
Oscoda--Au Sable, MI
Manhattan, IL
Frankfort, MI
West Salem, WI
Lakes of the Four Seasons, IN
McHenry Northwest--Wonder Lake, IL
Mattawan, MI
Wilmington, IL
Jefferson, WI
Westminster, MD
East Hampton North--Springs--Northwest Harbor, NY
Indian Head, MD
Freeland, PA
Swatara, PA
Ranson--Charles Town, WV
Elmira, NY
Dansville, NY
Geneseo, NY
Newark, NY
Hornell, NY
Silver Creek, NY
Towanda, PA
Dunkirk--Fredonia, NY
Lockport, NY
Ithaca, NY
Rome, NY
Cortland, NY
Chittenango, NY
Sullivan--Sylvan Beach, NY
Brockport, NY
Canajoharie--Fort Plain, NY
Canandaigua, NY
Carthage, NY
Lebanon, KY
Scottsburg, IN
Newman, CA
Buffalo, MN
Thomaston, GA
Keene, NH
Helena, MT
Boonville, MO
Littlefield, TX
Wahoo, NE
Cold Spring, MN
Fortuna, CA
St. Clair, MO
Guadalupe, CA
Mesquite, NV--AZ
Shelley, ID
Clover, SC
Santa Barbara, CA
Fort Bragg, CA
Ukiah, CA
Blackfoot, ID
Redding, CA
Rock Hill, SC
Watertown, SD
Village of Oak Creek (Big Park), AZ
Swansboro--Cedar Point, NC
Tea, SD
Celina, OH
Cochran, GA
Russellville, AR
Rexburg, ID
Estes Park, CO
Terre Haute, IN
Half Moon Bay, CA
Macomb, IL
Mount Airy, NC
Fort Collins, CO
Enterprise, AL
Miami--Fort Lauderdale, FL
McPherson, KS
Roanoke Rapids, NC
Gustine, CA
Union, MO
Carthage, MO
Monroe, GA
Zimmerman, MN
Jesup, GA
Mineral Wells, TX
Blythe, CA--AZ
Desert Hot Springs, CA
Cottage Grove, OR
Eugene, OR
Salem, OR
Woodburn, OR
Silverton, OR
Junction City, OR
Stayton, OR
Monmouth--Independence, OR
Thomson, GA
Hermiston, OR
McMinnville, OR
Sparta, WI
Billings, MT
Crookston, MN
Ashland, WI
Madison, WI
Black River Falls, WI
Pleasant Hill, MO
Watertown, NY
Oregon, WI
Harrisonville, MO
Cloverdale, CA
Patterson, CA
Belgrade, MT
Bozeman, MT
Marinette--Menominee, WI--MI
Kirksville, MO
Roanoke, VA
Alvarado, TX
Cleburne, TX
Portland, OR--WA
Milwaukee, WI
Gillette, WY
Sevierville, TN
Wisconsin Rapids, WI
River Falls, WI
Columbia, SC
Lancaster, SC
Douglas, WY
New Boston, TX
Batesville, AR
Eldon, MO
Wytheville, VA
Silsbee, TX
Newport, AR
South Lake Tahoe, CA--NV
Buena Vista, VA
Pine Bluff, AR
Lincolnton, NC
Fremont, NE
Mountain Grove, MO
Seward, NE
Rushville, IN
Columbia, KY
Crystal Springs, MS
DeRidder, LA
Lawrenceburg, KY
Oakdale, LA
Senatobia, MS
Tupelo, MS
Alexandria, LA
Harrisburg, IL
Chestertown, MD
Washington--Arlington, DC--VA--MD
Independence, IA
Portsmouth, OH--KY
South Haven, MI
Wayland, MI
Huntington, WV--KY--OH
Minden, LA
Allegan, MI
Wilmington, NC
Mount Carmel, IL
Coldwater, MI
Spring Hill, TN
Batesburg-Leesville, SC
Texarkana, TX--AR
Erwin, TN
Laurens, SC
Torrington, WY
Farmville, VA
Martin, TN
Alpine, TX
Sheboygan, WI
Evansville, WI
Janesville, WI
Marion, SC
Mullins, SC
Buffalo, WY
Orangeburg, SC
Medford, WI
Santa Rosa, CA
Winona, MN
Americus, GA
Rio Vista, CA
McAllen, TX
Fairfield, CA
Prairie du Chien, WI--IA
Richland Center, WI
Johnson Lane, NV
Clearlake Riviera, CA
Brunswick, ME
Denton Southwest, TX
Krum, TX
Sonora--Twain Harte, CA
Milton, VT
Aubrey, TX
Eureka, MO
Mascoutah, IL
Geneva, OH
Crawfordville, FL
Foley--Gulf Shores, AL
Los Banos, CA
Bloomington--Normal, IL
Indiantown, FL
Port St. Lucie, FL
Middletown, OH
Sterling, CO
Statesboro, GA
Eden, NC
Reidsville, NC
Creswell, OR
Hemet, CA
Indio--Palm Desert--Palm Springs, CA
Dixon, CA
Edenton, NC
Winters, CA
Crescent City, CA
Oswego, NY
Syracuse, NY
Elizabeth City, NC
Davis, CA
Lamesa, TX
West Plains, MO
Potsdam, NY
Roswell, NM
Santa Fe, NM
Los Alamos, NM
Nacogdoches, TX
Lewisburg, WV
Fredericksburg, TX
White Rock, NM
Rockdale, TX
Waynesburg, PA
Benson, AZ
Lake Isabella, CA
Bakersfield, CA
McFarland, CA
Bisbee, AZ
Sierra Vista, AZ
Gillespie, IL
Webster City, IA
Marathon, FL
Key West, FL
Grand Junction, CO
Salem, IL
Waco, TX
Auburn, AL
Kissimmee--St. Cloud, FL
